"r.squared","adj.r.squared","sigma","statistic","p.value","df","logLik","AIC","BIC","deviance","df.residual","nobs","model"
0.0650592416185128,0.0650163127929897,0.0339112262142249,1515.51412892203,0,7,299598.66827083,-599179.336541659,-599089.924623749,175.31541904059,152452,152460,"Accuracy Diff"
0.433135905289328,0.433109877105618,0.00387791680318406,16641.0345844062,0,7,630200.252374649,-1260382.5047493,-1260293.09283139,2.29260957123448,152452,152460,"MAE Diff"
0.453920826862911,0.453895753041565,0.00433966220293076,18103.3764492849,0,7,613048.744998949,-1226079.4899979,-1225990.07807999,2.87107790735504,152452,152460,"RMSE Diff"
